{
  "Brier": 0.0568103703353565,
  "LogLoss": 0.2806197611790849,
  "ROC_AUC": 0.967111954234593,
  "ECE": 0.04567341974274604,
  "Brier_reliability": 0.005902666485345916,
  "Brier_resolution": 0.14601352563248096,
  "Brier_uncertainty": 0.19772610528935047,
  "Brier_total": 0.0568103703353565,
  "BSS": 0.7126814881008212,
  "Brier_model": 0.0568103703353565,
  "Brier_climatology": 0.19772610528935042,
  "ECE_CI_low": 0.03644310466200859,
  "ECE_CI_high": 0.057125446279376386,
  "Brier_CI_low": 0.04870500130709152,
  "Brier_CI_high": 0.06575483669833547,
  "LogLoss_CI_low": 0.22818887271214322,
  "LogLoss_CI_high": 0.33483856933653533,
  "ROC_AUC_CI_low": 0.9594839759962269,
  "ROC_AUC_CI_high": 0.97475404646255
}